"","word","freq"
"covid","covid",139
"help","help",125
"support","support",92
"community","community",62
"save","save",41
"crisis","crisis",41
"appeal","appeal",38
"survive","survive",37
"fund","fund",33
"food","food",29
"nhs","nhs",28
"project","project",27
"staff","staff",24
"keep","keep",23
"emergency","emergency",23
"people","people",22
"new","new",20
"coronavirus","coronavirus",18
"foodbank","foodbank",17
"cafe","cafe",16
"supporting","supporting",15
"corona","corona",13
"london","london",13
"hub","hub",13
"women","women",13
"local","local",12
"school","school",12
"centre","centre",12
"helping","helping",12
"garden","garden",12
"health","health",12
"response","response",11
"children","children",11
"space","space",11
"vulnerable","vulnerable",11
"wellbeing","wellbeing",11
"future","future",10
"scrubs","scrubs",10
"disabled","disabled",10
"workers","workers",10
"care","care",10
"free","free",10
"young","young",10
"get","get",10
"group","group",10
"need","need",9
"youth","youth",9
"back","back",9
"social","social",9
"love","love",9
"forward","forward",9
"pay","pay",9
"equipment","equipment",8
"play","play",8
"shop","shop",8
"please","please",8
"home","home",8
"fundraiser","fundraiser",8
"arts","arts",8
"families","families",8
"mental","mental",8
"learning","learning",7
"feed","feed",7
"friends","friends",7
"west","west",7
"park","park",7
"house","house",7
"making","making",7
"make","make",7
"theatre","theatre",7
"building","building",7
"going","going",7
"business","business",7
"crowdfunder","crowdfunder",6
"survival","survival",6
"communities","communities",6
"music","music",6
"hand","hand",6
"life","life",6
"now","now",6
"isolation","isolation",6
"give","give",6
"farm","farm",6
"urgent","urgent",6
"can","can",6
"animals","animals",6
"therapy","therapy",6
"buy","buy",6
"creating","creating",6
"sensory","sensory",6
"family","family",6
"ppe","ppe",5
"street","street",5
"online","online",5
"south","south",5
"live","live",5
"virus","virus",5
"connected","connected",5
"matchfunded","matchfunded",5
"staying","staying",5
"beyond","beyond",5
"key","key",5
"face","face",5
"shields","shields",5
"inn","inn",5
"area","area",5
"stay","stay",5
"kids","kids",5
"cancer","cancer",5
"together","together",5
"team","team",5
"visors","visors",5
"festival","festival",5
"accessible","accessible",5
"challenge","challenge",5
"keeping","keeping",5
"frontline","frontline",5
"relief","relief",5
"club","club",5
"coffee","coffee",5
"memories","memories",5
"sessions","sessions",5
"later","later",5
"counselling","counselling",5
"great","great",5
"hope","hope",5
"lives","lives",5
"big","big",5
"heroes","heroes",4
"trust","trust",4
"animal","animal",4
"veterans","veterans",4
"homeless","homeless",4
"service","service",4
"access","access",4
"active","active",4
"pub","pub",4
"city","city",4
"bike","bike",4
"good","good",4
"waste","waste",4
"zero","zero",4
"open","open",4
"closure","closure",4
"childrens","childrens",4
"room","room",4
"little","little",4
"vegan","vegan",4
"outdoor","outdoor",4
"needs","needs",4
"venue","venue",4
"dementia","dementia",4
"growing","growing",4
"pandemic","pandemic",4
"vouchers","vouchers",4
"alive","alive",4
"glasgow","glasgow",4
"green","green",4
"rescue","rescue",4
"village","village",4
"artist","artist",4
"kitchen","kitchen",4
"foundation","foundation",4
"build","build",4
"library","library",4
"older","older",4
"norfolk","norfolk",4
"adults","adults",4
"well","well",4
"personal","personal",3
"book","book",3
"launch","launch",3
"first","first",3
"sanctuary","sanctuary",3
"sos","sos",3
"fans","fans",3
"afloat","afloat",3
"east","east",3
"hardship","hardship",3
"education","education",3
"party","party",3
"station","station",3
"hall","hall",3
"facilities","facilities",3
"holidays","holidays",3
"day","day",3
"gift","gift",3
"show","show",3
"nurture","nurture",3
"arms","arms",3
"zoo","zoo",3
"rewards","rewards",3
"assembly","assembly",3
"gym","gym",3
"stage","stage",3
"dog","dog",3
"money","money",3
"second","second",3
"campaign","campaign",3
"neighbours","neighbours",3
"aid","aid",3
"tennis","tennis",3
"independent","independent",3
"change","change",3
"story","story",3
"send","send",3
"bakery","bakery",3
"inspiring","inspiring",3
"beer","beer",3
"medical","medical",3
"safe","safe",3
"groups","groups",3
"old","old",3
"boat","boat",3
"survivors","survivors",3
"toilet","toilet",3
"refugees","refugees",3
"resilience","resilience",3
"studios","studios",3
"disabilities","disabilities",3
"photography","photography",3
"nature","nature",3
"sanitiser","sanitiser",3
"night","night",3
"girls","girls",3
"catering","catering",3
"museum","museum",3
"place","place",3
"elderly","elderly",3
"cottage","cottage",3
"lets","lets",3
"times","times",3
"female","female",3
"pond","pond",3
"scout","scout",3
"wildlife","wildlife",3
"shed","shed",3
"mentoring","mentoring",3
"scheme","scheme",3
"funding","funding",3
"moving","moving",3
"baby","baby",3
"find","find",3
"small","small",3
"planet","planet",3
"hands","hands",3
"mind","mind",3
"events","events",3
"forest","forest",3
"cleaning","cleaning",3
"autism","autism",3
"company","company",3
"girl","girl",3
"like","like",3
"cricket","cricket",3
"carers","carers",3
"training","training",3
"pony","pony",3
"workshops","workshops",3
"homelessness","homelessness",3
"surviving","surviving",3
"county","county",2
"plymouth","plymouth",2
"football","football",2
"taking","taking",2
"musicians","musicians",2
"union","union",2
"tech","tech",2
"equality","equality",2
"women<U+0092>s","women<U+0092>s",2
"charities","charities",2
"cornwall","cornwall",2
"royal","royal",2
"cic","cic",2
"craufurd","craufurd",2
"reading","reading",2
"age","age",2
"fight","fight",2
"art","art",2
"suffolk","suffolk",2
"chiswick","chiswick",2
"hastings","hastings",2
"bring","bring",2
"phase","phase",2
"wilder","wilder",2
"willington","willington",2
"north","north",2
"edinburgh","edinburgh",2
"take","take",2
"gap","gap",2
"pioneer","pioneer",2
"railway","railway",2
"made","made",2
"diggers","diggers",2
"manchester","manchester",2
"radio","radio",2
"fulham","fulham",2
"panic","panic",2
"long","long",2
"mull","mull",2
"classic","classic",2
"concerts","concerts",2
"hospital","hospital",2
"just","just",2
"raising","raising",2
"vital","vital",2
"giving","giving",2
"update","update",2
"bus","bus",2
"cinema","cinema",2
"rent","rent",2
"brewery","brewery",2
"flood","flood",2
"unique","unique",2
"sport","sport",2
"join","join",2
"peckham","peckham",2
"read","read",2
"hay","hay",2
"pantry","pantry",2
"sewing","sewing",2
"spot","spot",2
"round","round",2
"fees","fees",2
"front","front",2
"line","line",2
"canine","canine",2
"action","action",2
"angus","angus",2
"development","development",2
"secure","secure",2
"isolated","isolated",2
"belfast","belfast",2
"tours","tours",2
"fringe","fringe",2
"angel","angel",2
"domestic","domestic",2
"violence","violence",2
"recording","recording",2
"british","british",2
"debt","debt",2
"label","label",2
"aspire","aspire",2
"enterprise","enterprise",2
"poverty","poverty",2
"tackle","tackle",2
"retreat","retreat",2
"globally","globally",2
"sailing","sailing",2
"harbour","harbour",2
"reserve","reserve",2
"one","one",2
"schools","schools",2
"providing","providing",2
"voice","voice",2
"marathon","marathon",2
"margarets","margarets",2
"restoration","restoration",2
"mobile","mobile",2
"veg","veg",2
"funds","funds",2
"norwich","norwich",2
"sustainable","sustainable",2
"mid","mid",2
"musical","musical",2
"use","use",2
"inclusive","inclusive",2
"black","black",2
"caf<e9>","caf<e9>",2
"yoga","yoga",2
"suite","suite",2
"saints","saints",2
"asylum","asylum",2
"seekers","seekers",2
"awareness","awareness",2
"match","match",2
"road","road",2
"district","district",2
"special","special",2
"buddies","buddies",2
"bar","bar",2
"plant","plant",2
"protect","protect",2
"scouts","scouts",2
"replace","replace",2
"stolen","stolen",2
"program","program",2
"lincoln","lincoln",2
"printing","printing",2
"clothing","clothing",2
"site","site",2
"primary","primary",2
"riding","riding",2
"drink","drink",2
"suicide","suicide",2
"will","will",2
"grounds","grounds",2
"hut","hut",2
"fitness","fitness",2
"valley","valley",2
"way","way",2
"career","career",2
"kickstart","kickstart",2
"massage","massage",2
"games","games",2
"hampshire","hampshire",2
"bella","bella",2
"reaching","reaching",2
"dark","dark",2
"part","part",2
"power","power",2
"mens","mens",2
"van","van",2
"work","work",2
"world","world",2
"running","running",2
"set","set",2
"archie","archie",2
"mary","mary",2
"digital","digital",2
"kit","kit",2
"responders","responders",2
"cooking","cooking",2
"fun","fun",2
"outdoors","outdoors",2
"pavilion","pavilion",2
"quiet","quiet",2
"delivery","delivery",2
"album","album",2
"peer","peer",2
"eufloria","eufloria",2
"better","better",2
"teach","teach",2
"beats","beats",2
"heart","heart",2
"liquid","liquid",2
"learn","learn",2
"italian","italian",2
"empowering","empowering",2
"mothers","mothers",2
"protecting","protecting",2
"emotional","emotional",2
"information","information",2
"cafes","cafes",2
"improving","improving",2
"peoples","peoples",2
"potential","potential",2
"marketplace","marketplace",2
"neuadd","neuadd",2
"ogwen","ogwen",2
"ponies","ponies",2
"torbay","torbay",2
"concert","concert",2
"gate","gate",2
"minds","minds",2
"printed","printed",2
"model","model",2
"global","global",2
"autistic","autistic",2
"chorlton","chorlton",2
"sudbury","sudbury",2
"packs","packs",2
"packages","packages",2
"connect","connect",2
"moments","moments",2
"throughout","throughout",2
"cuthberts","cuthberts",2
"parcels","parcels",2
"blackpool","blackpool",2
"experience","experience",2
"owl","owl",2
"allotment","allotment",2
"fridge","fridge",2
"horizons","horizons",2
"kindness","kindness",2
"scotland","scotland",2
"star","star",2
"affected","affected",2
"fighting","fighting",2
"living","living",2
"childcare","childcare",2
"time","time",2
"due","due",2
"charity","charity",2
"southend","southend",2
"smart","smart",2
"womens","womens",2
"partnership","partnership",2
"hive","hive",2
"post","post",2
"teaching","teaching",2
"healthy","healthy",2
"escape","escape",2
"visor","visor",2
"skills","skills",2
"stronger","stronger",2
"college","college",2
"break","break",2
"start","start",2
"fix","fix",2
"educating","educating",2
"heading","heading",1
"protective","protective",1
"makehumanitygreatagain","makehumanitygreatagain",1
"wheelsforheroes","wheelsforheroes",1
"durham","durham",1
"banks","banks",1
"trussell","trussell",1
"nspcc","nspcc",1
"pantosaurus","pantosaurus",1
"mena","mena",1
"tis","tis",1
"bottle","bottle",1
"cask","cask",1
"watt","watt",1
"whiskys","whiskys",1
"boost","boost",1
"brave","brave",1
"argyle","argyle",1
"barge","barge",1
"streets","streets",1
"boileroom","boileroom",1
"bould","bould",1
"brothers","brothers",1
"extinction","extinction",1
"lebanon","lebanon",1
"holburne","holburne",1
"win","win",1
"feedcheltenham","feedcheltenham",1
"tackling","tackling",1
"hospitals","hospitals",1
"wilderness","wilderness",1
"lounges","lounges",1
"notts","notts",1
"wimbledon","wimbledon",1
"leicester","leicester",1
"humanitea","humanitea",1
"creative","creative",1
"playhouse","playhouse",1
"bush","bush",1
"petrocs","petrocs",1
"meal","meal",1
"beaver","beaver",1
"ayrshire","ayrshire",1
"bloodhounds","bloodhounds",1
"downs","downs",1
"force","force",1
"shield","shield",1
"huddersfield","huddersfield",1
"parish","parish",1
"improved","improved",1
"sports","sports",1
"abinger","abinger",1
"hatch","hatch",1
"ancient","ancient",1
"irreplaceable","irreplaceable",1
"woodlands","woodlands",1
"hackney","hackney",1
"pupils","pupils",1
"fundraising","fundraising",1
"handcrafted","handcrafted",1
"refuse","refuse",1
"dodo","dodo",1
"rainy","rainy",1
"otters","otters",1
"milk","milk",1
"cooperative","cooperative",1
"loveworks","loveworks",1
"bridging","bridging",1
"cht","cht",1
"offer","offer",1
"share","share",1
"selfbuild","selfbuild",1
"strawbale","strawbale",1
"dalston","dalston",1
"superstore","superstore",1
"parenting","parenting",1
"stories","stories",1
"covisor","covisor",1
"massproduced","massproduced",1
"consultants","consultants",1
"strategy","strategy",1
"upper","upper",1
"eco","eco",1
"lifestyle","lifestyle",1
"refill","refill",1
"ware","ware",1
"air","air",1
"comfy","comfy",1
"pollution","pollution",1
"snood","snood",1
"sn<fc>","sn<fc>",1
"trendy","trendy",1
"cell","cell",1
"hmp","hmp",1
"workout","workout",1
"full","full",1
"portsmouth","portsmouth",1
"jolly","jolly",1
"postboys","postboys",1
"salford","salford",1
"scene","scene",1
"april","april",1
"comedy","comedy",1
"sat","sat",1
"ghana","ghana",1
"chinese","chinese",1
"coalition","coalition",1
"twinkleboost","twinkleboost",1
"chelmsford","chelmsford",1
"become","become",1
"battersea","battersea",1
"donate","donate",1
"receive","receive",1
"vacherin","vacherin",1
"conservation","conservation",1
"hemsley","hemsley",1
"citizenship","citizenship",1
"permanent","permanent",1
"status","status",1
"coaches","coaches",1
"wilton","wilton",1
"maths","maths",1
"printer","printer",1
"tests","tests",1
"slough","slough",1
"breast","breast",1
"lifts","lifts",1
"dress","dress",1
"paper","paper",1
"faversham","faversham",1
"rooms","rooms",1
"scarborough","scarborough",1
"lashd","lashd",1
"horn","horn",1
"songs","songs",1
"spell","spell",1
"helpline","helpline",1
"webchat","webchat",1
"womankind","womankind",1
"camden","camden",1
"matrix","matrix",1
"refurb","refurb",1
"saltdean","saltdean",1
"tunnel","tunnel",1
"wheathampstead","wheathampstead",1
"homemade","homemade",1
"kind","kind",1
"disable","disable",1
"enable","enable",1
"elmbridge","elmbridge",1
"antibody","antibody",1
"testing","testing",1
"ocean","ocean",1
"plastic","plastic",1
"kino","kino",1
"jam","jam",1
"jar","jar",1
"trefforest","trefforest",1
"lco","lco",1
"kazimier","kazimier",1
"table","table",1
"annex","annex",1
"billingshurst","billingshurst",1
"mar","mar",1
"stop","stop",1
"swab","swab",1
"western","western",1
"cgs","cgs",1
"recycling","recycling",1
"retro","retro",1
"revival","revival",1
"foodhall","foodhall",1
"boots","boots",1
"cerebral","cerebral",1
"lace","lace",1
"palsy","palsy",1
"crafts","crafts",1
"empty","empty",1
"fill","fill",1
"bull","bull",1
"cock","cock",1
"paying","paying",1
"clwbs","clwbs",1
"freelancers","freelancers",1
"bury","bury",1
"edmunds","edmunds",1
"fraud","fraud",1
"pensioner","pensioner",1
"victim","victim",1
"circus","circus",1
"springs","springs",1
"tola","tola",1
"maidenhead","maidenhead",1
"child<U+0092>s","child<U+0092>s",1
"essentials","essentials",1
"ketomi","ketomi",1
"skylark","skylark",1
"environmental","environmental",1
"volunteering","volunteering",1
"margaret<U+0092>s","margaret<U+0092>s",1
"putney","putney",1
"horses","horses",1
"dogmaels","dogmaels",1
"hart","hart",1
"wales","wales",1
"white","white",1
"plumstead","plumstead",1
"crowdfunding","crowdfunding",1
"final","final",1
"nest","nest",1
"vampires","vampires",1
"liskeard","liskeard",1
"looe","looe",1
"cauldron","cauldron",1
"fellowship","fellowship",1
"founders","founders",1
"steel","steel",1
"yourneighbourorg","yourneighbourorg",1
"trainer","trainer",1
"climatefriendly","climatefriendly",1
"flightfree","flightfree",1
"travel","travel",1
"port","port",1
"ferret","ferret",1
"legendary","legendary",1
"preston","preston",1
"oxfizz","oxfizz",1
"alone","alone",1
"coping","coping",1
"doesn<U+0092>t","doesn<U+0092>t",1
"mean","mean",1
"available","available",1
"emmeline","emmeline",1
"grassington","grassington",1
"brighton","brighton",1
"worker","worker",1
"hydro","hydro",1
"kent","kent",1
"rehabilitation","rehabilitation",1
"feel","feel",1
"bezunesh","bezunesh",1
"forever","forever",1
"voluntary","voluntary",1
"angle","angle",1
"soham<U+0092>s","soham<U+0092>s",1
"refugee","refugee",1
"wanstead","wanstead",1
"welcome","welcome",1
"reusable","reusable",1
"light","light",1
"low","low",1
"barney","barney",1
"jeavons","jeavons",1
"blind","blind",1
"bamboo","bamboo",1
"wellness","wellness",1
"dreams","dreams",1
"field","field",1
"coffin","coffin",1
"works","works",1
"guildford","guildford",1
"josephine","josephine",1
"tonight","tonight",1
"hamerton","hamerton",1
"henry","henry",1
"bhsm","bhsm",1
"taag","taag",1
"pilcrow","pilcrow",1
"govanhill","govanhill",1
"cello","cello",1
"church","church",1
"sterts","sterts",1
"stereo","stereo",1
"upgrade","upgrade",1
"coach","coach",1
"ice","ice",1
"skating","skating",1
"employment","employment",1
"leaders","leaders",1
"readers","readers",1
"today<U+0092>s","today<U+0092>s",1
"tomorrow<U+0092>s","tomorrow<U+0092>s",1
"loan","loan",1
"beagle","beagle",1
"stepney","stepney",1
"moon","moon",1
"bespoke","bespoke",1
"corsetry","corsetry",1
"denoir<U+0099>","denoir<U+0099>",1
"fashion","fashion",1
"nicol","nicol",1
"playground","playground",1
"resurface","resurface",1
"clubforourcarers","clubforourcarers",1
"britain","britain",1
"grow","grow",1
"operationsnap","operationsnap",1
"child","child",1
"shieldfield","shieldfield",1
"slugtown","slugtown",1
"helgis","helgis",1
"bluesky","bluesky",1
"rhondda","rhondda",1
"migrants","migrants",1
"organise","organise",1
"setup","setup",1
"successful","successful",1
"startups","startups",1
"portray","portray",1
"videography","videography",1
"ship","ship",1
"rye","rye",1
"spirit","spirit",1
"sussex","sussex",1
"providers","providers",1
"connectthrive","connectthrive",1
"mars","mars",1
"lifting","lifting",1
"away","away",1
"dance","dance",1
"depression","depression",1
"bow","bow",1
"bowbelles","bowbelles",1
"vauxhall","vauxhall",1
"isle","isle",1
"country","country",1
"milton","milton",1
"marginalised","marginalised",1
"charlies","charlies",1
"palliative","palliative",1
"therapeutic","therapeutic",1
"beavers","beavers",1
"bexley","bexley",1
"fully","fully",1
"swim","swim",1
"baths","baths",1
"paws","paws",1
"pets","pets",1
"borehamwood","borehamwood",1
"bbc","bbc",1
"last","last",1
"proms","proms",1
"upstairs","upstairs",1
"insecurity","insecurity",1
"pennypit","pennypit",1
"teenage","teenage",1
"teentalk","teentalk",1
"sunshine","sunshine",1
"georgian","georgian",1
"stocktontees","stocktontees",1
"stretford","stretford",1
"dunbartonshire","dunbartonshire",1
"foodshare","foodshare",1
"hospice","hospice",1
"citreus","citreus",1
"den","den",1
"maspie","maspie",1
"dinner","dinner",1
"pen","pen",1
"brand","brand",1
"curves","curves",1
"jeans","jeans",1
"sauvmaison","sauvmaison",1
"wear","wear",1
"duck","duck",1
"flying","flying",1
"morso","morso",1
"stall","stall",1
"vegi","vegi",1
"directors","directors",1
"playdoh","playdoh",1
"stonecrabs","stonecrabs",1
"fairyland","fairyland",1
"faceshields","faceshields",1
"nash","nash",1
"turn","turn",1
"walled","walled",1
"birnam","birnam",1
"dunkeld","dunkeld",1
"adam","adam",1
"handling","handling",1
"restaurant","restaurant",1
"aire","aire",1
"strongroom","strongroom",1
"magazine","magazine",1
"released","released",1
"volume","volume",1
"gin","gin",1
"pothecary","pothecary",1
"bringing","bringing",1
"weathers","weathers",1
"gigging","gigging",1
"bristol","bristol",1
"elect","elect",1
"mayor","mayor",1
"sandy","sandy",1
"corner","corner",1
"gardening","gardening",1
"services","services",1
"tron","tron",1
"nectar","nectar",1
"bridal","bridal",1
"bridalwear","bridalwear",1
"newold","newold",1
"revolution","revolution",1
"court","court",1
"refurbishment","refurbishment",1
"squash","squash",1
"calf","calf",1
"centenary","centenary",1
"deliciously","deliciously",1
"flavoured","flavoured",1
"improve","improve",1
"tea","tea",1
"shapes","shapes",1
"immune","immune",1
"quarters","quarters",1
"chomp","chomp",1
"common","common",1
"flooding","flooding",1
"showground","showground",1
"shrewsburys","shrewsburys",1
"helmsley","helmsley",1
"shoe","shoe",1
"tree","tree",1
"buying","buying",1
"imaginative","imaginative",1
"alpaca","alpaca",1
"cat","cat",1
"lucky","lucky",1
"spaces","spaces",1
"employed","employed",1
"self","self",1
"teachers","teachers",1
"berkeley","berkeley",1
"next","next",1
"nuneaton","nuneaton",1
"steps","steps",1
"destitute","destitute",1
"shelter","shelter",1
"carer","carer",1
"parent","parent",1
"programme","programme",1
"thatched","thatched",1
"artpack","artpack",1
"carecalais","carecalais",1
"neu","neu",1
"sector","sector",1
"ball","ball",1
"examination","examination",1
"plan","plan",1
"public","public",1
"laly","laly",1
"dad","dad",1
"technique","technique",1
"earth","earth",1
"underground","underground",1
"crazy","crazy",1
"rct","rct",1
"remote","remote",1
"babies","babies",1
"mammakind","mammakind",1
"mums","mums",1
"necessities","necessities",1
"perranzabuloe","perranzabuloe",1
"band","band",1
"call","call",1
"drummers","drummers",1
"methil","methil",1
"pipe","pipe",1
"track","track",1
"gold","gold",1
"olympics","olympics",1
"sandwell","sandwell",1
"swimmers","swimmers",1
"lion","lion",1
"red","red",1
"flipside","flipside",1
"put","put",1
"tab","tab",1
"motorbiking","motorbiking",1
"workshop","workshop",1
"cheam","cheam",1
"mindline","mindline",1
"trans","trans",1
"brewing","brewing",1
"comeback","comeback",1
"windswept","windswept",1
"kilbride","kilbride",1
"donations","donations",1
"emfest","emfest",1
"bedfordshire","bedfordshire",1
"gig","gig",1
"pocklington","pocklington",1
"loch","loch",1
"portincaple","portincaple",1
"completing","completing",1
"warley","warley",1
"roll","roll",1
"shake","shake",1
"wrap","wrap",1
"assistant","assistant",1
"healthcare","healthcare",1
"motorcycle","motorcycle",1
"childrenswear","childrenswear",1
"luxury","luxury",1
"bigstand","bigstand",1
"ark","ark",1
"wheatley","wheatley",1
"newcastlestaffs","newcastlestaffs",1
"mansfield","mansfield",1
"disaled","disaled",1
"horse","horse",1
"lodge","lodge",1
"yuan","yuan",1
"hey","hey",1
"palu","palu",1
"gtsf","gtsf",1
"supporters","supporters",1
"beating","beating",1
"runningspace","runningspace",1
"barnes","barnes",1
"brick","brick",1
"hockey","hockey",1
"geocache","geocache",1
"land","land",1
"phil","phil",1
"silvers","silvers",1
"chequers","chequers",1
"swinford","swinford",1
"aviary","aviary",1
"redevelopment","redevelopment",1
"inspire","inspire",1
"ahead","ahead",1
"tarka","tarka",1
"sea","sea",1
"therapist","therapist",1
"pontypridd","pontypridd",1
"apps","apps",1
"brainbox","brainbox",1
"educational","educational",1
"innovative","innovative",1
"distillery","distillery",1
"shakespeare","shakespeare",1
"bathwick","bathwick",1
"grocers","grocers",1
"scrubbers","scrubbers",1
"breeds","breeds",1
"rare","rare",1
"totnes","totnes",1
"chefs","chefs",1
"eagle","eagle",1
"heights","heights",1
"charrli","charrli",1
"hassle","hassle",1
"ground","ground",1
"loxwood","loxwood",1
"four","four",1
"impact","impact",1
"ngyt","ngyt",1
"tchaiovna","tchaiovna",1
"earthworks","earthworks",1
"ecogardens","ecogardens",1
"enabling","enabling",1
"independently","independently",1
"bear","bear",1
"bridport","bridport",1
"spirits","spirits",1
"alford","alford",1
"classroom","classroom",1
"wam","wam",1
"youths","youths",1
"landscove","landscove",1
"solar","solar",1
"sustainability","sustainability",1
"feedgloucester","feedgloucester",1
"gloucester","gloucester",1
"bistro","bistro",1
"cleopatras","cleopatras",1
"soapbox","soapbox",1
"stiltskins","stiltskins",1
"developing","developing",1
"seafarers","seafarers",1
"lavanda","lavanda",1
"chcs","chcs",1
"iii","iii",1
"level","level",1
"rolleston","rolleston",1
"victoria","victoria",1
"car","car",1
"coat","coat",1
"mokka","mokka",1
"trulys","trulys",1
"association","association",1
"coleraine","coleraine",1
"sisters","sisters",1
"soul","soul",1
"didsbury","didsbury",1
"abused","abused",1
"breathing","breathing",1
"tool","tool",1
"candles","candles",1
"bill","bill",1
"shut","shut",1
"awesome","awesome",1
"revamp","revamp",1
"leagrave","leagrave",1
"saving","saving",1
"tilehurst","tilehurst",1
"kits","kits",1
"inside","inside",1
"thrive","thrive",1
"cartel","cartel",1
"moormead","moormead",1
"regenerating","regenerating",1
"raptor","raptor",1
"marginal","marginal",1
"publishing","publishing",1
"growth","growth",1
"weloveyouicu","weloveyouicu",1
"kimchi","kimchi",1
"lantern","lantern",1
"busy","busy",1
"kingsmead","kingsmead",1
"shine","shine",1
"words","words",1
"menstrual","menstrual",1
"bea","bea",1
"raine","raine",1
"noemi","noemi",1
"combating","combating",1
"exclusion","exclusion",1
"captains","captains",1
"cousin","cousin",1
"normans","normans",1
"nourished","nourished",1
"invisible","invisible",1
"mapping","mapping",1
"sensoring","sensoring",1
"sound","sound",1
"futures","futures",1
"mortgage","mortgage",1
"extension","extension",1
"macbi","macbi",1
"finish","finish",1
"oceanthemed","oceanthemed",1
"solutions","solutions",1
"transport","transport",1
"random","random",1
"left","left",1
"palace","palace",1
"spotlight","spotlight",1
"adult","adult",1
"mentor","mentor",1
"surf","surf",1
"sukic","sukic",1
"industry","industry",1
"putting","putting",1
"<U+0093>clean<U+0094>","<U+0093>clean<U+0094>",1
"rwanda","rwanda",1
"smesu","smesu",1
"happy","happy",1
"provide","provide",1
"raza","raza",1
"persons","persons",1
"buybrick","buybrick",1
"safety","safety",1
"water","water",1
"ceramics","ceramics",1
"sunnyhill","sunnyhill",1
"lyme","lyme",1
"pledgepint","pledgepint",1
"regis","regis",1
"bank","bank",1
"island","island",1
"anything","anything",1
"grange","grange",1
"mabaso","mabaso",1
"winnie","winnie",1
"wires","wires",1
"ageing","ageing",1
"confessions","confessions",1
"player","player",1
"human","human",1
"wherever","wherever",1
"brixton","brixton",1
"cosmetics","cosmetics",1
"plasticfree","plasticfree",1
"stript","stript",1
"dedicated","dedicated",1
"phoenix","phoenix",1
"weapon","weapon",1
"byc","byc",1
"sing","sing",1
"fires","fires",1
"lighting","lighting",1
"defenders","defenders",1
"windrush","windrush",1
"farmhouse","farmhouse",1
"tudor","tudor",1
"another","another",1
"dry","dry",1
"warm","warm",1
"years","years",1
"bungalow","bungalow",1
"alcester","alcester",1
"conversation","conversation",1
"hours","hours",1
"geoplay","geoplay",1
"paignton","paignton",1
"app","app",1
"mutts","mutts",1
"impacted","impacted",1
"celebrate","celebrate",1
"normanni","normanni",1
"multi","multi",1
"wheldrake","wheldrake",1
"employing","employing",1
"pipeline","pipeline",1
"showcase","showcase",1
"wheels","wheels",1
"holmwood","holmwood",1
"carebags","carebags",1
"coaching","coaching",1
"malawis","malawis",1
"practical","practical",1
"electronic","electronic",1
"scoreboard","scoreboard",1
"billy","billy",1
"bootleggers","bootleggers",1
"reopen","reopen",1
"dig","dig",1
"drive","drive",1
"toucan","toucan",1
"circle","circle",1
"entrepreneur","entrepreneur",1
"brightside","brightside",1
"charlottes","charlottes",1
"rural","rural",1
"cream","cream",1
"nurses","nurses",1
"wighthorse","wighthorse",1
"golden","golden",1
"heartsvolunteering","heartsvolunteering",1
"reach","reach",1
"know","know",1
"ashington","ashington",1
"classes","classes",1
"cookery","cookery",1
"primrose","primrose",1
"private","private",1
"tuition","tuition",1
"biggest","biggest",1
"servbetter","servbetter",1
"sanitation","sanitation",1
"giftboxes","giftboxes",1
"magical","magical",1
"mindful","mindful",1
"cefnogi","cefnogi",1
"ambulance","ambulance",1
"vehicle","vehicle",1
"wish","wish",1
"chertsey","chertsey",1
"abi","abi",1
"regional","regional",1
"telephone","telephone",1
"blackbox","blackbox",1
"rocks","rocks",1
"connections","connections",1
"releasing","releasing",1
"onwards","onwards",1
"pedalling","pedalling",1
"abuse","abuse",1
"justice","justice",1
"tickets","tickets",1
"begins","begins",1
"birthday","birthday",1
"vals","vals",1
"borrow","borrow",1
"ability","ability",1
"confidence","confidence",1
"gardenswing","gardenswing",1
"infants","infants",1
"harrow","harrow",1
"bigger","bigger",1
"challengers","challengers",1
"summer","summer",1
"mile","mile",1
"million","million",1
"filling","filling",1
"archive","archive",1
"films","films",1
"reduce","reduce",1
"alloa","alloa",1
"athletic","athletic",1
"bdmlr","bdmlr",1
"pinnifred","pinnifred",1
"seal","seal",1
"crises","crises",1
"projects","projects",1
"claridge","claridge",1
"hotel","hotel",1
"purchase","purchase",1
"housing","housing",1
"security","security",1
"ccsn","ccsn",1
"postcard","postcard",1
"livelihood","livelihood",1
"tribal","tribal",1
"cook","cook",1
"kaleyard","kaleyard",1
"stroke","stroke",1
"bleach","bleach",1
"bri","bri",1
"driving","driving",1
"sducarriage","sducarriage",1
"guide","guide",1
"lankan","lankan",1
"sri","sri",1
"tour","tour",1
"guidance","guidance",1
"healthworkers","healthworkers",1
"scotlands","scotlands",1
"winter","winter",1
"wave","wave",1
"ben","ben",1
"nevis","nevis",1
"harry","harry",1
"risk","risk",1
"srilankan","srilankan",1
"villagers","villagers",1
"cabin","cabin",1
"sop","sop",1
"toms","toms",1
"uncle","uncle",1
"dallas","dallas",1
"film","film",1
"short","short",1
"tig","tig",1
"proof","proof",1
"search","search",1
"howling","howling",1
"wolf","wolf",1
"dead","dead",1
"surprise","surprise",1
"surfacing","surfacing",1
"wetpour","wetpour",1
"goose","goose",1
"homelearning","homelearning",1
"artists","artists",1
"coal","coal",1
"hoppers","hoppers",1
"mgr","mgr",1
"preserving","preserving",1
"two","two",1
"maps","maps",1
"lego","lego",1
"marty","marty",1
"robots","robots",1
"bcs","bcs",1
"jobs","jobs",1
"debden","debden",1
"evolve","evolve",1
"productions","productions",1
"cherries","cherries",1
"sittingbourne","sittingbourne",1
"difficulties","difficulties",1
"secret","secret",1
"complex","complex",1
"strengths","strengths",1
"alton","alton",1
"cover","cover",1
"actions","actions",1
"marmosets","marmosets",1
"mountain","mountain",1
"situ","situ",1
"maryhill","maryhill",1
"transforming","transforming",1
"fit","fit",1
"yasmin","yasmin",1
"goes","goes",1
"pny","pny",1
"virtual","virtual",1
"boutique","boutique",1
"levenshulme","levenshulme",1
"outside","outside",1
"carry","carry",1
"watergate","watergate",1
"end","end",1
"let","let",1
"never","never",1
"pants","pants",1
"cast","cast",1
"rhythmics","rhythmics",1
"jordan","jordan",1
"lewis","lewis",1
"pring","pring",1
"humane","humane",1
"gardens","gardens",1
"river","river",1
"advice","advice",1
"stitched","stitched",1
"stitching","stitching",1
"gates","gates",1
"heaven","heaven",1
"kafkaesque","kafkaesque",1
"pearly","pearly",1
"romcom","romcom",1
"makers","makers",1
"native","native",1
"rebooted","rebooted",1
"boathouse","boathouse",1
"supplies","supplies",1
"ashfield","ashfield",1
"beauty","beauty",1
"lounge","lounge",1
"luxe","luxe",1
"kinship","kinship",1
"york","york",1
"bennett","bennett",1
"pros","pros",1
"rise","rise",1
"taylor","taylor",1
"doncaster","doncaster",1
"wollerton","wollerton",1
"foreman","foreman",1
"ventura","ventura",1
"zoou","zoou",1
"relocation","relocation",1
"crafting","crafting",1
"everyone","everyone",1
"jcuh","jcuh",1
"roseberry","roseberry",1
"viva","viva",1
"game","game",1
"silhouette","silhouette",1
"skincare","skincare",1
"ferals","ferals",1
"companions","companions",1
"derby","derby",1
"funeral","funeral",1
"organisation","organisation",1
"caerleon","caerleon",1
"matrec","matrec",1
"castle","castle",1
"championships","championships",1
"christchurch","christchurch",1
"ibd","ibd",1
"bulgaria","bulgaria",1
"newton","newton",1
"hidden","hidden",1
"daisyann","daisyann",1
"expansion","expansion",1
"exciting","exciting",1
"mea","mea",1
"mouse","mouse",1
"series","series",1
"beard","beard",1
"butters","butters",1
"edition","edition",1
"limited","limited",1
"vinales","vinales",1
"feedmalvern","feedmalvern",1
"safeguard","safeguard",1
"zebras","zebras",1
"abuhb","abuhb",1
"caerphilly","caerphilly",1
"cycle","cycle",1
"hour","hour",1
"triers","triers",1
"kings","kings",1
"lemonade","lemonade",1
"wigs","wigs",1
"facility","facility",1
"netting","netting",1
"replacing","replacing",1
"seeds","seeds",1
"jago","jago",1
"beckenham","beckenham",1
"lake","lake",1
"ptp","ptp",1
"sis","sis",1
"mungos","mungos",1
"emmly","emmly",1
"george","george",1
"lebo","lebo",1
"tomorrow","tomorrow",1
"bang","bang",1
"coming","coming",1
"crabsmasher","crabsmasher",1
"treat","treat",1
"marston","marston",1
"parcel","parcel",1
"basic","basic",1
"provisions","provisions",1
"clifton","clifton",1
"bite","bite",1
"residence","residence",1
"revere","revere",1
"happen","happen",1
"nunfest","nunfest",1
"msuk","msuk",1
"abbeyfield","abbeyfield",1
"darlington","darlington",1
"renovation","renovation",1
"assistance","assistance",1
"<U+0092>re","<U+0092>re",1
"accommodation","accommodation",1
"caretaker","caretaker",1
"northleigh","northleigh",1
"alfa","alfa",1
"lgbtq","lgbtq",1
"blood","blood",1
"cells","cells",1
"stem","stem",1
"audio","audio",1
"reopening","reopening",1
"grown","grown",1
"oak","oak",1
"infant","infant",1
"prevention","prevention",1
"bhams","bhams",1
"central","central",1
"natural","natural",1
"wine","wine",1
"yfs","yfs",1
"kiki","kiki",1
"tots","tots",1
"look","look",1
"waveney","waveney",1
"welfare","welfare",1
"tattoo","tattoo",1
"unable","unable",1
"nurse","nurse",1
"amys","amys",1
"erg","erg",1
"letter","letter",1
"firs","firs",1
"hetton","hetton",1
"chiltington","chiltington",1
"tapestry","tapestry",1
"necessary","necessary",1
"technology","technology",1
"loss","loss",1
"yarmouth","yarmouth",1
"mandala","mandala",1
"bird","bird",1
"brunch","brunch",1
"early","early",1
"stopsepsisnow","stopsepsisnow",1
"bookclub","bookclub",1
"writes","writes",1
"birmingham","birmingham",1
"aaa","aaa",1
"prescription","prescription",1
"pledge","pledge",1
"charge","charge",1
"oven","oven",1
"ransacked","ransacked",1
"cohesion","cohesion",1
"dates","dates",1
"difference","difference",1
"speed","speed",1
"finding","finding",1
"georgia","georgia",1
"virgin","virgin",1
"warren","warren",1
"urc","urc",1
"afghanistan","afghanistan",1
"bounce","bounce",1
"beat","beat",1
"sponsors","sponsors",1
"amid","amid",1
"hate","hate",1
"lockdown","lockdown",1
"farmer","farmer",1
"jcr","jcr",1
"corby","corby",1
"goals","goals",1
"prism","prism",1
"squad","squad",1
"duke","duke",1
"fortunehelp","fortunehelp",1
"started","started",1
"borough","borough",1
"newbury","newbury",1
"laura","laura",1
"swish","swish",1
"prebereavement","prebereavement",1
"thank","thank",1
"projeeuk","projeeuk",1
"architectural","architectural",1
"faces","faces",1
"profession","profession",1
"trial","trial",1
"whistleblower","whistleblower",1
"dejavu","dejavu",1
"groupsio","groupsio",1
"yahoo","yahoo",1
"material","material",1
"walking","walking",1
"days","days",1
"class","class",1
"donation","donation",1
"katuka","katuka",1
"choirs","choirs",1
"oxford","oxford",1
"production","production",1
"spring","spring",1
"harrier","harrier",1
"marsh","marsh",1
"battlefield","battlefield",1
"behaviour","behaviour",1
"center","center",1
"drop","drop",1
"modification","modification",1
"today","today",1
"hull","hull",1
"stuff","stuff",1
"rich","rich",1
"rip","rip",1
"rowe","rowe",1
"livestreamed","livestreamed",1
"lunch","lunch",1
"subscriptions","subscriptions",1
"uncertain","uncertain",1
"holiday","holiday",1
"hunger","hunger",1
"trailer","trailer",1
"leather","leather",1
"lend","lend",1
"hourglass","hourglass",1
"media","media",1
"newspaper","newspaper",1
"bijou","bijou",1
"southport","southport",1
"thought","thought",1
"create","create",1
"joy","joy",1
"sight","sight",1
"healing","healing",1
"hiyas","hiyas",1
"rethink","rethink",1
"naomi","naomi",1
"prints","prints",1
"dawlishwarrenlifesavingclub","dawlishwarrenlifesavingclub",1
"bham","bham",1
"massages","massages",1
"woods","woods",1
"telling","telling",1
"mains","mains",1
"fleet","fleet",1
"vehicles","vehicles",1
"smash","smash",1
"modigliani","modigliani",1
"bangladadesh","bangladadesh",1
"poor","poor",1
"karczma","karczma",1
"voucher","voucher",1
"route","route",1
"getting","getting",1
"activities","activities",1
"acres","acres",1
"allotments","allotments",1
"goon","goon",1
"accessories","accessories",1
"bundle","bundle",1
"cloth","cloth",1
"nappies","nappies",1
"slings","slings",1
"cathays","cathays",1
"gabalfa","gabalfa",1
"heath","heath",1
"mutual","mutual",1
"roath","roath",1
"changing","changing",1
"paralysis","paralysis",1
"physio","physio",1
"concern","concern",1
"corvid","corvid",1
"empowerment","empowerment",1
"branch","branch",1
"treetops","treetops",1
"wedofootball","wedofootball",1
"fiver","fiver",1
"friendship","friendship",1
"coronovirus","coronovirus",1
"damage","damage",1
"limiter","limiter",1
"tuckers","tuckers",1
"hounslow","hounslow",1
"coth","coth",1
"vibes","vibes",1
"visual","visual",1
"season","season",1
"subs","subs",1
"suspension","suspension",1
"mood","mood",1
"aspiring","aspiring",1
"learners","learners",1
"across","across",1
"course","course",1
"golf<U+0092>","golf<U+0092>",1
"<U+0091>crazy","<U+0091>crazy",1
"amazing","amazing",1
"box","box",1
"fuel","fuel",1
"without","without",1
"wonder","wonder",1
"celebration","celebration",1
"declaration","declaration",1
"giftthegig","giftthegig",1
"combat","combat",1
"man","man",1
"friendly","friendly",1
"waves","waves",1
"workplace","workplace",1
"management","management",1
"crewkeep","crewkeep",1
"come","come",1
"capturing","capturing",1
"treasure","treasure",1
"saying","saying",1
"superhero","superhero",1
"thanks","thanks",1
"bertha","bertha",1
"enrich","enrich",1
"farmers","farmers",1
"market","market",1
"shielded","shielded",1
"quiz","quiz",1
"disorders","disorders",1
"eating","eating",1
"barbell","barbell",1
"berserker","berserker",1
"climate","climate",1
"say","say",1
"perthshire","perthshire",1
"pride","pride",1
"fresh","fresh",1
"peaceful","peaceful",1
"zen","zen",1
"ata","ata",1
"dhurojme","dhurojme",1
"dhuruan","dhuruan",1
"dicka","dicka",1
"gjithcka","gjithcka",1
"per","per",1
"chainsaws","chainsaws",1
"cycling","cycling",1
"wheelchair","wheelchair",1
"silent","silent",1
"leap","leap",1
"shopper","shopper",1
"boy","boy",1
"rubix","rubix",1
"creation","creation",1
"fabric","fabric",1
"blades","blades",1
"glory","glory",1
"cause","cause",1
"maintenance","maintenance",1
"morikos","morikos",1
"hats","hats",1
"basketball","basketball",1
"league","league",1
"badsaint","badsaint",1
"restaurantbuyfuturevoucherssavenewstart","restaurantbuyfuturevoucherssavenewstart",1
"cleaners","cleaners",1
"chalk","chalk",1
"ldc","ldc",1
"wallasey","wallasey",1
"treesuganda","treesuganda",1
"brewski","brewski",1
"quarantine","quarantine",1
"raise","raise",1
"washes","washes",1
"exhibition","exhibition",1
"extinctionrebellion","extinctionrebellion",1
"rebel","rebel",1
"let<U+0092>s","let<U+0092>s",1
"intergenerational","intergenerational",1
"silver","silver",1
"surfers","surfers",1
"chris","chris",1
"oliver","oliver",1
"billion","billion",1
"something","something",1
"worthychange","worthychange",1
"delicious","delicious",1
"grain","grain",1
"insane","insane",1
"instead","instead",1
"snacks","snacks",1
"stockpile","stockpile",1
"fikas","fikas",1
"windows","windows",1
"calm","calm",1
"goodrest","goodrest",1
"seaside","seaside",1
"mama","mama",1
"mum","mum",1
"newquay","newquay",1
"treliske","treliske",1
"body","body",1
"culture","culture",1
"custom","custom",1
"ventilator","ventilator",1
"caldecott","caldecott",1
"follow","follow",1
"randolph","randolph",1
"intergenrational","intergenrational",1
"internet","internet",1
"coworking","coworking",1
"solidarity","solidarity",1
"jamie","jamie",1
"peace","peace",1
"rest","rest",1
"healthflix","healthflix",1
"initiative","initiative",1
"heating","heating",1
"payforward","payforward",1
"scottish","scottish",1
"cuisine","cuisine",1
"punjabi","punjabi",1
"purdys","purdys",1
"think","think",1
"bfriend","bfriend",1
"employability","employability",1
"luton","luton",1
"rave","rave",1
"shore","shore",1
"troubadour","troubadour",1
"baobab","baobab",1
"add","add",1
"heat","heat",1
"heaters","heaters",1
"approach","approach",1
"cricks","cricks",1
"dogs","dogs",1
"even","even",1
"head","head",1
"presents","presents",1
"rabbits","rabbits",1
"bomb","bomb",1
"covidtogether","covidtogether",1
"barnabas","barnabas",1
"bookshop","bookshop",1
"christian","christian",1
"century","century",1
"guiding","guiding",1
"financially","financially",1
"savvy","savvy",1
"dialogue","dialogue",1
"malawi","malawi",1
"anytime","anytime",1
"bathgate","bathgate",1
"prepayment","prepayment",1
"molescroft","molescroft",1
"boys","boys",1
"cry","cry",1
"complimentary","complimentary",1
"cut","cut",1
"hair","hair",1
"mesothelioma","mesothelioma",1
"patients","patients",1
"men","men",1
"roehampton","roehampton",1
"resource","resource",1
"somerset","somerset",1
"veteran","veteran",1
"leannes","leannes",1
"roof","roof",1
"bbe","bbe",1
"distribution","distribution",1
"feeding","feeding",1
"india","india",1
